{
    "Calibration": {
        "BinningShift": [
            0,
            0
        ],
        "Camera": [
            [
                2682.10622380830046,
                0,
                0
            ],
            [
                0,
                2682.39074020520775,
                0
            ],
            [
                808.172851112795911,
                530.984762758006013,
                1
            ]
        ],
        "Distortion": {
            "K1": -0.17674843482648217,
            "K2": 0.0157401116381834412,
            "K3": 1.40815045323828558,
            "Rx": -0.00468342434501803871,
            "Ry": -0.0116118805278629545,
            "T1": -0.000757134237954575767,
            "T2": -0.00240329977871318358
        }
    },
    "EepromId": 1,
    "FirmwareVersion": "4.93.1642",
    "Images": {
        "Raw": 13258751252.2169991,
        "Rectified": 13258751251.8369999,
        "WithOverlay": null
    },
    "ModelName": "UI525xCP-C",
    "Parameters": {
        "Capture": {
            "AutoBlackLevel": true,
            "AutoExposure": true,
            "AutoGain": true,
            "Binning": 1,
            "BlackLevelOffset": 0.349019607843137236,
            "BlackLevelOffsetCalibration": 0,
            "Exposure": 25.9999338925754344,
            "Gain": 2.48999999999999999,
            "GainBoost": false,
            "HardwareGamma": true,
            "ImageBuffer": {
                "Count": 1,
                "OverflowPolicy": "DiscardOld",
                "Size": 1
            },
            "Mirror": {
                "Horizontal": false,
                "Vertical": false
            },
            "PixelClock": 24,
            "TargetBrightness": 80,
            "TriggerDelay": 0,
            "TriggerMode": "Software"
        },
        "IO": {
            "Input": true,
            "Output": {
                "Duration": 19.9989999999999988,
                "DutyCycle": 1,
                "Frequency": 3.125,
                "Mode": "Low"
            }
        },
        "Overlay": {
            "Text": {
                "Angle": 0,
                "Color": [
                    255,
                    0,
                    0
                ],
                "Mirror": {
                    "Horizontal": false,
                    "Vertical": false
                }
            }
        },
        "TransportLayer": {
            "BandwidthLimit": -2147483648
        }
    },
    "Pose": {
        "Rotation": {
            "Angle": 0.0190257995212715636,
            "Axis": [
                -0.231108242558116267,
                -0.968566580574226843,
                -0.0920204282561692954
            ]
        },
        "Translation": [
            -45.6138332276283194,
            47.4259878449390158,
            -24.0557231999167662
        ]
    },
    "Sensor": {
        "GlobalShutter": true,
        "PixelSize": 4.5,
        "Port": {
            "Bandwidth": 1000,
            "Gateway": null,
            "IpAddress": "192.168.255.194",
            "IpSubnetMask": "255.255.0.0",
            "NetworkAdapter": {
                "Gateway": null,
                "IpAddress": "192.168.0.0",
                "IpSubnetMask": "255.255.0.0",
                "MAC": "30:65:ec:c5:5c:74",
                "Name": "enp64s0"
            },
            "Type": "Ethernet"
        },
        "Size": [
            1600,
            1200
        ],
        "Temperature": 50.8125
    },
    "Type": "Monocular"
}
